1,Alonzo,Flores,16
2,Dave,Rhodes,2
3,Kevin ,Sparks,35
4,Rose,Gutierrez,28
5,Alton,Benson,29
6,Hubert,Caldwell,11
7,Jody,Briggs,35
8,Erik,Mack,5
9,Sara,Hill,42
10,Sylvester,Roberts,22
11,Sherman,Day,47
12,John,Zimmerman,31
13,Jo , Torres,34
14,Nathaniel,Cunningham,24
15,Megan,Padilla,28
16,Rosie,Rodgers,5
17,Alfredo,Nichols,21
18,Norma,Perez,44
19,Kristin,Gonzalez,25
20,Linda,Howell,23
21,Claire,Baker,36
22,Ruth,Cortez,1
23,Randall,Moss,43
24,Myron,Soto,21
25,Garrett,Rivera,24
26,Dustin,Poole,45
27,Kate,Cook,50
28,Jean,Adams,6
29,Gabriel,Ballard,10
30,Wade,Pierce,19
31,Ismael ,Cummings,36
32,Winifred,Burke,41
33,Hector,James,40
34,Faye,Alexander,36
35,Shari,Gilbert,34
36,Laurence,Tate,22
37,Casey,Nelson,20
38,Ida,Fisher,20
39,Candace,Morrison,33
40,Iris,Lamb,46
41,Jose,Manning,44
42,Angelo,Allison,39
43,Stephen,Carroll,37
44,Orville,Ferguson,19
45,Shelley,Berry,21
46,Peter ,Hodges,42
47,Victoria,Green,37
48,Sonya,Patrick,13
49,Thelma,Ortega,40
50,Bryant,Hawkins,50
